{
	"name" 		: "CBStorages",
	"author" 	: "Luis Majano <lmajano@ortussolutions.com",
	"version"	: "1.0.0",
	"slug"		: "cbstorages",
	"directory"	: "/modules",
	"type"		: "modules",
	"engines"	: [
		{ "type" : "railo", "version" : ">3.1" },
		{ "type" : "adobe", "version" : ">9.0" },
		{ "type" : "coldbox", "version" : ">3.5" }
	],
	"testbox" 	: {
		"runner" : {
			"cf10" 	: "http://cf10cboxdev.jfetmac/codedepot/cbox-javaloader/test/runner.cfm",
			"railo" : "http://railocboxdev.jfetmac/codedepot/cbox-javaloader/test/runner.cfm" 
		}
	},
	"devdependencies" : {
		"testbox" : ">1.1"		
	}
}